2019-04-22 16:10:29.519318Input voltage, Input current, Input Power, Test Motor Temperature, Test motor FET temp, Test motor q-axis current, Test motor d-axis current, Output Torque, Output Speed, Output Speed set-point, Output Power, Output Efficiency, Absorber Motor Temperature, Absorber motor FET temp, Absorber q-axis current, Absorber d-axis current
V, mA, W, Deg C, Deg C, A, A, N.mm, rad.s, %, W, %, Deg C, Deg C, A, A
56.045779418945315, 67, 3.755272353363037, -2145353597, 29.386293601989745, 0.8067395746707916, -0.012771349027752876, 549.5, 0.01917475809306882, 0.0, -0.010488595242866956, 8.171072128985036e-07, -1314325649, 29.406188201904296, 0.7716168999671936, 0.04233254566788673
56.010572052001955, 220.2, 12.337224771499635, -2145353597, 29.236461448669434, -0.43472071886062624, 0.21008806973695754, 538, 104.69420075741992, 136533.328125, 56.183404605219174, 0.4532574088565208, -1314325649, 29.246432304382324, -0.4907854005694389, 0.17884555757045745
56.04118690490723, 472.5, 26.446368552017212, -2145353597, 28.892150115966796, -0.3473520249128342, -0.3157373875379562, 538.9, 209.36922675499127, 273066.65625, 113.10027261588182, 0.4267407291810288, -1314325649, 28.77808532714844, -0.5989908844232559, 0.19275149554014206
55.98301811218262, 782.4, 43.6590374332428, -2145353597, 28.444541931152344, -0.044033847749233246, -0.4881637141108513, 544.8, 314.1017650478834, 409600.0, 169.9444809852031, 0.3902283379184452, -1314325649, 28.420827674865723, -0.40064761638641355, -0.4446401000022888
55.99526443481445, 1137.3, 63.68866187171936, -2145353597, 28.153221893310548, -0.044350124150514605, 0.13677780330181122, 557.6, 418.9493758683168, 546133.3125, 233.24412566398127, 0.3714858515059766, -1314325649, 28.122614097595214, -1.072288665175438, -0.14476833045482634
